insert into MEMBER (MEMBER_ID, CITY, STREET, ZIPCODE, NAME)
values (1, '서울', '1', '1111', 'userA');
insert into ITEM (DTYPE, ITEM_ID, NAME, PRICE, STOCK_QUANTITY)
VALUES ('B', 1, 'JPA1 BOOK', 10000, 100);

insert into ITEM (DTYPE, ITEM_ID, NAME, PRICE, STOCK_QUANTITY)
VALUES ('B', 2, 'JPA2 BOOK', 20000, 100);

insert into DELIVERY(DELIVERY_ID, CITY, STREET, ZIPCODE, STATUS)
VALUES (1, '서울', '1', '1111', 'READY');

insert into ORDERS(ORDER_ID, ORDER_DATE, STATUS, DELIVERY_ID, MEMBER_ID)
VALUES (1, '2022-11-16 10:00:00', 'ORDER', 1, 1);

insert into ORDER_ITEM(ORDER_ITEM_ID, COUNT, ORDER_PRICE, ITEM_ID, ORDER_ID)
VALUES (1, 1, 10000, 1, 1);
insert into ORDER_ITEM(ORDER_ITEM_ID, COUNT, ORDER_PRICE, ITEM_ID, ORDER_ID)
VALUES (2, 2, 20000, 2, 1);

insert into MEMBER (MEMBER_ID, CITY, STREET, ZIPCODE, NAME)
values (2, '진주', '2', '2222', 'userB');

insert into ITEM (DTYPE, ITEM_ID, NAME, PRICE, STOCK_QUANTITY)
VALUES ('B', 3, 'SPRING1 BOOK', 20000, 200);

insert into ITEM (DTYPE, ITEM_ID, NAME, PRICE, STOCK_QUANTITY)
VALUES ('B', 4, 'SPRING2 BOOK', 40000, 300);

insert into DELIVERY(DELIVERY_ID, CITY, STREET, ZIPCODE, STATUS)
VALUES (2, '진주', '2', '2222', 'READY');

insert into ORDERS(ORDER_ID, ORDER_DATE, STATUS, DELIVERY_ID, MEMBER_ID)
VALUES (2, '2022-11-16 10:01:00', 'ORDER', 2, 2);

insert into ORDER_ITEM(ORDER_ITEM_ID, COUNT, ORDER_PRICE, ITEM_ID, ORDER_ID)
VALUES (3, 3, 20000, 3, 2);
insert into ORDER_ITEM(ORDER_ITEM_ID, COUNT, ORDER_PRICE, ITEM_ID, ORDER_ID)
VALUES (4, 4, 40000, 4, 2);
